"date","source","referrer","utm_source","utm_medium","utm_campaign","utm_content","utm_term","pageviews","visitors","visits","visit_duration","bounces"
"2025-07-26","vercel.com","vercel.com","","","","","",3,1,1,642,0
"2025-07-26","x7x.top","x7x.top","","","","","",1,1,1,0,1
"2025-07-27","vercel.com","vercel.com","","","","","",3,1,1,3133,0
"2025-07-27","","","","","","","",2,2,2,0,2
"2025-07-28","","","","","","","",4,4,4,0,4
"2025-07-29","","","","","","","",2,2,2,7,1
"2025-08-01","","","","","","","",2,2,2,0,2
"2025-08-03","","","","","","","",7,2,2,2640,0
"2025-08-04","","","","","","","",11,5,5,1032,1
"2025-08-04","vercel.com","vercel.com","","","","","",1,1,1,0,1
"2025-08-05","","","","","","","",16,6,10,2677,4
"2025-08-05","vercel.com","vercel.com","","","","","",10,2,2,6798,0
"2025-08-06","vercel.com","vercel.com","","","","","",3,2,2,1842,0
"2025-08-07","vercel.com","vercel.com","","","","","",3,1,2,1985,0
"2025-08-07","","","","","","","",1,1,1,3,0
"2025-08-08","","","","","","","",7,5,5,1416,3
"2025-08-09","vercel.com","vercel.com","","","","","",7,1,2,689,0
"2025-08-09","","","","","","","",6,3,5,799,4
"2025-08-09","Google","accounts.google.com","","","","","",0,1,1,0,0
"2025-08-10","","","","","","","",7,6,6,3463,1
"2025-08-10","Google","accounts.google.com","","","","","",0,1,1,2330,0
"2025-08-10","vercel.com","vercel.com","","","","","",2,1,2,63,1
"2025-08-11","","","","","","","",7,4,7,2101,0
"2025-08-12","","","","","","","",4,3,3,55,2
"2025-08-12","vercel.com","vercel.com","","","","","",7,1,3,2696,1
"2025-08-13","zt4.top","zt4.top","","","","","",1,1,1,0,1
"2025-08-13","","","","","","","",6,5,5,4,3
"2025-08-14","","","","","","","",2,2,2,0,2
"2025-08-14","LinkedIn","linkedin.com","","","","","",1,1,1,0,1
"2025-08-15","","","","","","","",1,1,1,0,1
"2025-08-16","","","","","","","",1,1,1,0,1
